,AAPL,MSFT,JNJ,UNH,JPM,BAC,XOM,CVX,PG,KO
2026-04-14,258.5799865722656,393.0950012207031,240.02000427246094,314.4700012207031,310.45001220703125,53.1349983215332,149.33999633789062,187.49000549316406,144.2100067138672,76.01499938964844
